subreddit_name,comment_amount
midjourney,46
proceduralgeneration,2
metroidvania,12
dataisbeautiful,2
Instagram,1
BeAmazed,5
Cinema4D,1
Simulated,1
Firebase,2
Unity3D,4
StableDiffusion,4
gamedev,3
AskReddit,1
AIGenArt,2
unity,1
megalophobia,1
logodesign,1
firetvstick,5
woahdude,4
QuestPiracy,1
gamingsuggestions,1
Damnthatsinteresting,3
architecture,1
generative,3
facepalm,3
ProgrammerHumor,13
rust,3
CryptoCurrency,8
AutisticPride,1
NarcissisticMothers,2
aberBitteLaminiert,1
natureismetal,4
BrandNewSentence,2
wallstreetbets,4
memes,1
funny,1
mildlyinfuriating,4
DarwinAwards,1
Radix,5
germany,2
ichbin40undSchwurbler,3
Fantasy,1
AutisticAdults,2
malelivingspace,1
Superstonk,1
holdmycatnip,1
worldbuilding,2
tja,1
Finanzen,1
mildlyinteresting,1
Gedichte,1
VisionPro,1
Outlier,8
Standup,2
UXDesign,1
ShoulderInjuries,1
Pets,3
NormMacdonald,1
Notion,
OutlierMarket,13
cats,1
TikTokCringe,2
HubermanLab,6
GettingShredded,1
CatAdvice,1
moreplatesmoredates,2
antiwork,1
Nest,2
BurningMan,1
Polycam,4
ModCoord,1
photogrammetry,3
politics,1
highmaintenance,2
MarcMaron,1
volvoc40,2
estoration,1
Safari,3
opendoor,2
HomeKit,1
shortcuts,2
omnifocus,2
sanfrancisco,2
ChoosingBeggars,1
appletv,1
arcteryx,1
SculpturePorn,2
help,1
VintageLenses,17
EarthPorn,9
carporn,5
itookapicture,5
AbandonedPorn,12
OldSchoolCool,4
natureporn,1
MachinePorn,3
AnimalPorn,2
ArchitecturePorn,4
winterporn,1
Falschparker,3
Bitcoin,1
hoge,1
de,28
berlinsocialclub,2
ich_iel,3
Wirtschaftsweise,17
automobil,1
berlin,21
UkraineWarVideoReport,1
